rank,v_idx,prob,is_gt
1,0,0.096253,1
2,1,0.049360,0
3,4,0.049360,0
4,2,0.044945,0
