rank,v_idx,prob,is_gt
1,0,0.166264,1
2,2,0.060800,0
3,1,0.053964,0
4,4,0.053964,0
