rank,v_idx,prob,is_gt
1,0,0.121502,1
2,1,0.108511,0
3,4,0.108511,0
4,2,0.055202,0
