epoch,loss,hits5_tr,hits5_val
1,0.499437,0.435393,0.385366
2,0.480601,0.485955,0.439024
3,0.476602,0.488764,0.409756
